{"data/raw/SegSTRONGC_train/4/2/regular/left": {"miou": 0.6361426614062635, "mdsc": 0.7764566099634936}, "data/raw/SegSTRONGC_train/4/2/regular/right": {"miou": 0.7765528159287945, "mdsc": 0.8737127271345924}, "data/raw/SegSTRONGC_train/4/0/regular/left": {"miou": 0.7781203097102695, "mdsc": 0.8745422328943888}, "data/raw/SegSTRONGC_train/4/0/regular/right": {"miou": 0.665692680113312, "mdsc": 0.7974641464646213}, "data/raw/SegSTRONGC_train/4/1/regular/left": {"miou": 0.7067510018827814, "mdsc": 0.8259600566761433}, "data/raw/SegSTRONGC_train/4/1/regular/right": {"miou": 0.8223569852693916, "mdsc": 0.9022074497115413}, "data/raw/SegSTRONGC_train/8/2/regular/left": {"miou": 0.6167965896539671, "mdsc": 0.7604485371755536}, "data/raw/SegSTRONGC_train/8/2/regular/right": {"miou": 0.8537986678543674, "mdsc": 0.9207282687735081}, "data/raw/SegSTRONGC_train/8/1/regular/left": {"miou": 0.8676304181964792, "mdsc": 0.9286546095829397}, "data/raw/SegSTRONGC_train/8/1/regular/right": {"miou": 0.8726581888724488, "mdsc": 0.9314674139614478}, "data/raw/SegSTRONGC_train/7/0/regular/left": {"miou": 0.6403282145267181, "mdsc": 0.7733369864870251}, "data/raw/SegSTRONGC_train/7/0/regular/right": {"miou": 0.8400125215481887, "mdsc": 0.9121931894149892}, "data/raw/SegSTRONGC_train/7/1/regular/left": {"miou": 0.6538638188415535, "mdsc": 0.7808642735660333}, "data/raw/SegSTRONGC_train/7/1/regular/right": {"miou": 0.5877917596961301, "mdsc": 0.7341823371209018}, "data/raw/SegSTRONGC_train/3/2/regular/left": {"miou": 0.8960558227125167, "mdsc": 0.9451569421625527}, "data/raw/SegSTRONGC_train/3/2/regular/right": {"miou": 0.900914475776976, "mdsc": 0.9478437583411238}, "data/raw/SegSTRONGC_train/3/0/regular/left": {"miou": 0.8721612330156179, "mdsc": 0.9316404269120505}, "data/raw/SegSTRONGC_train/3/0/regular/right": {"miou": 0.8918358190055741, "mdsc": 0.9427160272182388}, "data/raw/SegSTRONGC_train/5/2/regular/left": {"miou": 0.6095563043964234, "mdsc": 0.7558217989659823}, "data/raw/SegSTRONGC_train/5/2/regular/right": {"miou": 0.7519567893711112, "mdsc": 0.8579602131894087}, "data/raw/SegSTRONGC_train/5/0/regular/left": {"miou": 0.8769470401438243, "mdsc": 0.9343705545048168}, "data/raw/SegSTRONGC_train/5/0/regular/right": {"miou": 0.7285046959019816, "mdsc": 0.8424196017347337}}